id,n,c,a,postcode,lat,lng,days,open,close,dt,acc,t,g,org,source,student_only,registration,institution,tags,description_original,description_plain,phone,website,free
fb_community-one-stop-shop_community-one-stop-shop,Community One Stop Shop Foodbank,Food bank,3 Broomhouse Market Edinburgh EH11 3UU,EH11 3UU,55.9284786,-3.2791401,,,,See food bank for opening times,Referral or voucher usually required,Emergency food parcels,0,Independent,givefood.org.uk,0,0,all,food;foodbank;referral;independent,Community One Stop Shop Foodbank is a food bank in City of Edinburgh (Independent).,"Community One Stop Shop Foodbank gives out free food.
It is in City of Edinburgh.
You may need a referral or voucher to get food.",01314436223,https://www.givefood.org.uk/needs/at/community-one-stop-shop/,1
fb_edinburgh-food-project_broughton,Edinburgh Food Project Foodbank - Broughton,Food bank,Broughton St Mary’s Parish Church Bellevue Crescent EH3 6NE,EH3 6NE,55.9602374,-3.1935793,,,,See food bank for opening times,Referral or voucher usually required,Emergency food parcels,0,Trussell,givefood.org.uk,0,0,all,food;foodbank;referral;trussell,Edinburgh Food Project Foodbank - Broughton is a food bank in City of Edinburgh (Trussell).,"Edinburgh Food Project Foodbank - Broughton gives out free food.
It is in City of Edinburgh.
You may need a referral or voucher to get food.",07805204009,https://www.givefood.org.uk/needs/at/edinburgh-food-project/,1
fb_edinburgh-food-project_clermiston,Edinburgh Food Project Foodbank - Clermiston,Food bank,St Andrew's Church 17-19 Clermiston View EH4 7BS,EH4 7BS,55.95724629999999,-3.281857,,,,See food bank for opening times,Referral or voucher usually required,Emergency food parcels,0,Trussell,givefood.org.uk,0,0,all,food;foodbank;referral;trussell,Edinburgh Food Project Foodbank - Clermiston is a food bank in City of Edinburgh (Trussell).,"Edinburgh Food Project Foodbank - Clermiston gives out free food.
It is in City of Edinburgh.
You may need a referral or voucher to get food.",07794849945,https://www.givefood.org.uk/needs/at/edinburgh-food-project/,1
fb_edinburgh-food-project_craigmillar,Edinburgh Food Project Foodbank - Craigmillar,Food bank,Centre of Wellbeing 13 Queen's Walk Edinburgh EH16 4EA,EH16 4EA,55.931029,-3.131157,,,,See food bank for opening times,Referral or voucher usually required,Emergency food parcels,0,Trussell,givefood.org.uk,0,0,all,food;foodbank;referral;trussell,Edinburgh Food Project Foodbank - Craigmillar is a food bank in City of Edinburgh (Trussell).,"Edinburgh Food Project Foodbank - Craigmillar gives out free food.
It is in City of Edinburgh.
You may need a referral or voucher to get food.",01316613366,https://www.givefood.org.uk/needs/at/edinburgh-food-project/,1
fb_edinburgh-food-project_grassmarket,Edinburgh Food Project Foodbank - Grassmarket,Food bank,St Columba's by the Castle 14 Johnston Terrace Edinburgh EH1 2PW,EH1 2PW,55.9483107,-3.1954658,,,,See food bank for opening times,Referral or voucher usually required,Emergency food parcels,0,Trussell,givefood.org.uk,0,0,all,food;foodbank;referral;trussell,Edinburgh Food Project Foodbank - Grassmarket is a food bank in City of Edinburgh (Trussell).,"Edinburgh Food Project Foodbank - Grassmarket gives out free food.
It is in City of Edinburgh.
You may need a referral or voucher to get food.",07805203852,https://www.givefood.org.uk/needs/at/edinburgh-food-project/,1
fb_edinburgh-food-project_pilton,Edinburgh Food Project Foodbank - Pilton,Food bank,St Margaret Mary Boswall Pkwy EH5 2JQ,EH5 2JQ,55.97566879999999,-3.2327082,,,,See food bank for opening times,Referral or voucher usually required,Emergency food parcels,0,Trussell,givefood.org.uk,0,0,all,food;foodbank;referral;trussell,Edinburgh Food Project Foodbank - Pilton is a food bank in City of Edinburgh (Trussell).,"Edinburgh Food Project Foodbank - Pilton gives out free food.
It is in City of Edinburgh.
You may need a referral or voucher to get food.",07794850009,https://www.givefood.org.uk/needs/at/edinburgh-food-project/,1
fb_edinburgh-food-project_prestonfield,Edinburgh Food Project Foodbank - Prestonfield,Food bank,Priestfield Parish Church 2 Marchhall Place EH16 5HW,EH16 5HW,55.936398,-3.169408,,,,See food bank for opening times,Referral or voucher usually required,Emergency food parcels,0,Trussell,givefood.org.uk,0,0,all,food;foodbank;referral;trussell,Edinburgh Food Project Foodbank - Prestonfield is a food bank in City of Edinburgh (Trussell).,"Edinburgh Food Project Foodbank - Prestonfield gives out free food.
It is in City of Edinburgh.
You may need a referral or voucher to get food.",01314440030,https://www.givefood.org.uk/needs/at/edinburgh-food-project/,1
fb_edinburgh-food-project_south-queensferry,Edinburgh Food Project Foodbank - South Queensferry,Food bank,The Priory Church Hopetoun Road EH30 9RA,EH30 9RA,55.9908922,-3.3982646,,,,See food bank for opening times,Referral or voucher usually required,Emergency food parcels,0,Trussell,givefood.org.uk,0,0,all,food;foodbank;referral;trussell,Edinburgh Food Project Foodbank - South Queensferry is a food bank in City of Edinburgh (Trussell).,"Edinburgh Food Project Foodbank - South Queensferry gives out free food.
It is in City of Edinburgh.
You may need a referral or voucher to get food.",07837532169,https://www.givefood.org.uk/needs/at/edinburgh-food-project/,1
fb_edinburgh-ne_leith-st-andrews-church-hall,Edinburgh NE Foodbank - Leith St Andrew's Church Hall,Food bank,410-412 Easter Road Leith Edinburgh EH6 8HT,EH6 8HT,55.9686689,-3.1672485,,,,See food bank for opening times,Referral or voucher usually required,Emergency food parcels,0,Trussell,givefood.org.uk,0,0,all,food;foodbank;referral;trussell,Edinburgh NE Foodbank - Leith St Andrew's Church Hall is a food bank in City of Edinburgh (Trussell).,"Edinburgh NE Foodbank - Leith St Andrew's Church Hall gives out free food.
It is in City of Edinburgh.
You may need a referral or voucher to get food.",01315538839,https://www.givefood.org.uk/needs/at/edinburgh-ne/,1
fb_edinburgh-ne_pilrig-st-pauls-parish-church,Edinburgh NE Foodbank - Pilrig St Pauls Parish Church,Food bank,1a Pirig Street Leith Edinburgh EH6 5AH,EH6 5AH,55.96389449999999,-3.1781563,,,,See food bank for opening times,Referral or voucher usually required,Emergency food parcels,0,Trussell,givefood.org.uk,0,0,all,food;foodbank;referral;trussell,Edinburgh NE Foodbank - Pilrig St Pauls Parish Church is a food bank in City of Edinburgh (Trussell).,"Edinburgh NE Foodbank - Pilrig St Pauls Parish Church gives out free food.
It is in City of Edinburgh.
You may need a referral or voucher to get food.",01315535694,https://www.givefood.org.uk/needs/at/edinburgh-ne/,1
fb_edinburgh-ne_south-leith-parish-church-halls,Edinburgh NE Foodbank - South Leith Parish Church Halls,Food bank,6 Henderson Street Leith Edinburgh EH6 6BS,EH6 6BS,55.97184129999999,-3.172641,,,,See food bank for opening times,Referral or voucher usually required,Emergency food parcels,0,Trussell,givefood.org.uk,0,0,all,food;foodbank;referral;trussell,Edinburgh NE Foodbank - South Leith Parish Church Halls is a food bank in City of Edinburgh (Trussell).,"Edinburgh NE Foodbank - South Leith Parish Church Halls gives out free food.
It is in City of Edinburgh.
You may need a referral or voucher to get food.",01315542578,https://www.givefood.org.uk/needs/at/edinburgh-ne/,1
fb_edinburgh-ne_st-margarets-parish-church-halls,Edinburgh NE Foodbank - St Margaret's Parish Church Halls,Food bank,48 Restalrig Road South Leith Edinburgh EH7 6LE,EH7 6LE,55.9582736,-3.1487807,,,,See food bank for opening times,Referral or voucher usually required,Emergency food parcels,0,Trussell,givefood.org.uk,0,0,all,food;foodbank;referral;trussell,Edinburgh NE Foodbank - St Margaret's Parish Church Halls is a food bank in City of Edinburgh (Trussell).,"Edinburgh NE Foodbank - St Margaret's Parish Church Halls gives out free food.
It is in City of Edinburgh.
You may need a referral or voucher to get food.",01315547400,https://www.givefood.org.uk/needs/at/edinburgh-ne/,1
fb_edinburgh-se_edinburgh-se,Edinburgh SE Foodbank,Food bank,Blythswood Care 47 Southhouse Broadway Edinburgh EH17 8AS,EH17 8AS,55.8983493,-3.1578718,,,,See food bank for opening times,Referral or voucher usually required,Emergency food parcels,0,Trussell,givefood.org.uk,0,0,all,food;foodbank;referral;trussell,Edinburgh SE Foodbank is a food bank in City of Edinburgh (Trussell).,"Edinburgh SE Foodbank gives out free food.
It is in City of Edinburgh.
You may need a referral or voucher to get food.",01316649353,https://www.givefood.org.uk/needs/at/edinburgh-se/,1
fb_hays-community-pantry_hays-community-pantry,Hays Community Pantry Foodbank,Food bank,Places for People Hays Community Hub 4 Hay Avenue Craigmillar EH16 4AQ,EH16 4AQ,55.9343528,-3.1221998,,,,See food bank for opening times,Referral or voucher usually required,Emergency food parcels,0,Independent,givefood.org.uk,0,0,all,food;foodbank;referral;independent,Hays Community Pantry Foodbank is a food bank in City of Edinburgh (Independent).,"Hays Community Pantry Foodbank gives out free food.
It is in City of Edinburgh.
You may need a referral or voucher to get food.",07345054320,https://www.givefood.org.uk/needs/at/hays-community-pantry/,1
